Name,ImageURL
Aimee,https://aklananimalrescue.com/wp-content/uploads/2020/02/anno_Aimee-1.jpg
Airy,https://aklananimalrescue.com/wp-content/uploads/2020/02/anno_Airy-1.jpg
Almira,https://aklananimalrescue.com/wp-content/uploads/2020/02/anno_Almira-2.jpg
ANDREAws,https://www.caraphil.org/wp-content/uploads/2022/09/ANDREAws_sm-768x983.png
Andy,https://aklananimalrescue.com/wp-content/uploads/2020/02/anno_Andy-2.jpg
Archie,https://aklananimalrescue.com/wp-content/uploads/2020/02/anno_Archie-2.jpg
Arfa,https://aklananimalrescue.com/wp-content/uploads/2020/02/anno_Arfa-1.jpg
Arty,https://aklananimalrescue.com/wp-content/uploads/2020/02/anno_Arty-2.jpg
Astrid,https://aklananimalrescue.com/wp-content/uploads/2020/02/anno_Astrid-3.jpg
Atom,https://aklananimalrescue.com/wp-content/uploads/2020/02/anno_Atom-2.jpg
Banoi,https://paws.org.ph/wp-content/uploads/2023/05/Adopt-Banoi-1.jpg
Bantay,https://aklananimalrescue.com/wp-content/uploads/2020/02/anno_Bantay-1.jpg
Barley,https://aklananimalrescue.com/wp-content/uploads/2020/02/anno_Barley-3.jpg
Beauty,https://aklananimalrescue.com/wp-content/uploads/2020/02/anno_Beauty-2.jpg
Beb,https://aklananimalrescue.com/wp-content/uploads/2020/02/anno_Beb-2.jpg
Bella,https://aklananimalrescue.com/wp-content/uploads/2020/02/anno_Bella-1.jpg
Berry,https://aklananimalrescue.com/wp-content/uploads/2020/02/anno_Berry-1.jpg
Biboy,https://aklananimalrescue.com/wp-content/uploads/2020/02/anno_Biboy-2.jpg
BigWhitey,https://www.caraphil.org/wp-content/uploads/2022/03/BigWhiteyWS-768x983.jpg
Billy,https://www.caraphil.org/wp-content/uploads/2023/02/Billy-768x983.jpg
Blackie,https://www.caraphil.org/wp-content/uploads/2022/03/BlackieWS-768x983.jpg
Blanca,https://aklananimalrescue.com/wp-content/uploads/2020/02/anno_Blanca-3.jpg
Blessing,https://paws.org.ph/wp-content/uploads/2023/05/Adopt-Blessing.jpg
Bobby,https://aklananimalrescue.com/wp-content/uploads/2020/02/anno_Bobby-2.jpg
BRAVO,https://www.caraphil.org/wp-content/uploads/2022/05/BRAVOWS-min-768x983.png
Browny,https://aklananimalrescue.com/wp-content/uploads/2020/02/anno_Browny-3.jpg
Bumble,https://aklananimalrescue.com/wp-content/uploads/2020/02/anno_Bumble-2.jpg
C5,https://aklananimalrescue.com/wp-content/uploads/2020/02/anno_C5-4.jpg
Caloy,https://aklananimalrescue.com/wp-content/uploads/2020/02/anno_Caloy-3.jpg
Carlos,https://aklananimalrescue.com/wp-content/uploads/2020/02/anno_Carlos-1.jpg
Carol,https://aklananimalrescue.com/wp-content/uploads/2020/02/anno_Carol-4.jpg
Deputy,https://paws.org.ph/wp-content/uploads/2023/07/JLP_0102-scaled-e1689409072403.jpeg
Grumpy,https://paws.org.ph/wp-content/uploads/2023/07/IMG_20230515_115026-scaled-e1689409505524.jpg
Haruka,https://paws.org.ph/wp-content/uploads/2023/07/351679196_109896115472716_6821520991683099579_n-e1689322074633.jpg
IG,https://paws.org.ph/wp-content/uploads/2023/08/PAWS-9944-e1693643863185.jpg
Jerry,https://www.caraphil.org/wp-content/uploads/2023/02/Jerry-768x983.jpg
Kristina,https://www.caraphil.org/wp-content/uploads/2021/08/Kristina-e1629042435735-768x983.png
Lot,https://paws.org.ph/wp-content/uploads/2023/10/Adopt-Lot-.jpg
Magdalena,https://paws.org.ph/wp-content/uploads/2023/08/DSC_0590-scaled-e1692924690740.jpg
MC,https://www.caraphil.org/wp-content/uploads/2023/02/MC-768x983.jpg
Meldy,https://paws.org.ph/wp-content/uploads/2023/05/IMG_20220912_140255-scaled-e1684380671655.jpg
Mita,https://paws.org.ph/wp-content/uploads/2023/08/1691207856784-scaled-e1692925591960.jpg
Oscar,https://www.caraphil.org/wp-content/uploads/2022/07/OscarWS-min-768x983.png
Percy,https://paws.org.ph/wp-content/uploads/2023/10/Adopt-Percy.jpg
Post,https://paws.org.ph/wp-content/uploads/2023/05/Adopt-Post.jpg
Princess Anna,https://paws.org.ph/wp-content/uploads/2023/05/Copy-of-A-scaled-e1684204199329.jpg
RAVEN,https://www.caraphil.org/wp-content/uploads/2022/09/RAVENWS_sm-768x983.png
Ria,https://www.caraphil.org/wp-content/uploads/2023/02/Ria-768x983.jpg
Sammy,https://www.caraphil.org/wp-content/uploads/2022/07/SammyWS-min-768x983.png
SARA,https://www.caraphil.org/wp-content/uploads/2022/05/SARAWS-min-768x983.png
Shadow,https://paws.org.ph/wp-content/uploads/2023/07/DSC_0057-scaled-e1689406543973.jpg
Tender,https://paws.org.ph/wp-content/uploads/2023/07/PAWS-0973-e1691740424473.jpg
Therese,https://paws.org.ph/wp-content/uploads/2023/08/DSC_0618-scaled-e1693643745322.jpg
Tiktok,https://paws.org.ph/wp-content/uploads/2023/08/PAWS-9841-e1692255960472.jpg
Violet,https://paws.org.ph/wp-content/uploads/2023/06/DSC_0043-scaled-e1686895862885.jpg
Walter White,https://paws.org.ph/wp-content/uploads/2023/03/Adopt-Walter-White.jpg
Whitey,https://paws.org.ph/wp-content/uploads/2023/03/Adopt-Whitey.jpg
